{"zurich":{"median":37,"mean":39.76945116699785},"ch":{"median":42,"mean":41.477850701430484}}